"Ext","Count","TotalSizeMB","Oldest","Newest"
".gitignore","2",,"31/08/2026 13:22:45","10/09/2026 17:21:40"
".py","3298",,"9/08/2026 0:08:57","10/09/2026 17:23:55"
".backup","8",,"9/08/2026 0:20:52","2/09/2026 1:10:03"
".bat","6",,"31/08/2026 0:09:26","10/09/2026 17:23:18"
".diff","3",,"20/08/2026 3:46:04","30/08/2026 21:45:14"
".BACKUP_MATCH","1",,"9/08/2026 17:33:28","9/08/2026 17:33:28"
".txt","107",,"9/08/2026 18:26:10","10/09/2026 17:23:55"
".patch","2",,"20/08/2026 17:35:17","30/08/2026 21:45:14"
".spec","2",,"23/08/2026 19:22:27","30/08/2026 18:00:00"
".md","9",,"30/08/2026 21:45:14","10/09/2026 17:23:54"
".log","1",,"10/08/2026 1:07:20","10/08/2026 1:07:20"
".toc","5",,"30/08/2026 18:03:53","30/08/2026 18:03:54"
".zip","3",,"23/08/2026 19:22:28","30/08/2026 18:03:54"
".exe","75",,"23/08/2026 19:22:22","10/09/2026 17:23:57"
".pkg","1",,"30/08/2026 18:03:53","30/08/2026 18:03:53"
".pyz","1",,"30/08/2026 18:03:53","30/08/2026 18:03:53"
".html","1",,"30/08/2026 18:03:53","30/08/2026 18:03:53"
".pyc","2596",,"30/08/2026 18:03:53","10/09/2026 17:23:57"
".jpg","1662",,"13/08/2026 3:15:24","10/09/2026 2:27:57"
".db","105",,"9/08/2026 0:28:58","10/09/2026 2:36:14"
".json","157",,"10/08/2026 1:38:00","10/09/2026 17:24:25"
".csv","4",,"11/08/2026 0:46:58","23/08/2026 19:22:29"
".backup_storage_fix","1",,"9/08/2026 2:07:19","9/08/2026 2:07:19"
".before_exe_db_fix","1",,"24/08/2026 17:41:02","24/08/2026 17:41:02"
".tmp","1","0,0364303588867188","23/08/2026 21:13:43","23/08/2026 21:13:43"
".dll","402",,"23/08/2026 19:22:22","10/09/2026 17:23:43"
".pyd","114",,"23/08/2026 19:22:22","10/09/2026 17:23:49"
".pem","5",,"23/08/2026 19:22:28","10/09/2026 17:23:20"
".typed","83",,"23/08/2026 19:22:23","10/09/2026 17:23:55"
".webp","2",,"23/08/2026 19:22:29","30/08/2026 18:03:54"
".qm","428",,"23/08/2026 19:22:27","30/08/2026 18:03:54"
".before_cd_nav_fix","1",,"30/08/2026 18:32:52","30/08/2026 18:32:52"
".before_cd_nav_fix2","1",,"30/08/2026 18:32:52","30/08/2026 18:32:52"
".bak","3",,"10/08/2026 16:55:15","30/08/2026 18:23:25"
".BEFORE_FULL_MENU_RESTORE_20260830","1",,"30/08/2026 18:38:27","30/08/2026 18:38:27"
".BEFORE_REPAIR_20260830","1",,"30/08/2026 18:32:52","30/08/2026 18:32:52"
".backup_final_bool_fix","1",,"9/08/2026 4:32:46","9/08/2026 4:32:46"
".backup_select_result","1",,"9/08/2026 4:24:40","9/08/2026 4:24:40"
".backup_select_result_20260809_043004","1",,"9/08/2026 4:24:40","9/08/2026 4:24:40"
".bak_before_link_fix","1",,"2/09/2026 20:06:03","2/09/2026 20:06:03"
".bak_before_thread_fix","1",,"2/09/2026 0:53:43","2/09/2026 0:53:43"
".backup_after_mp3_link_20260809_042733","1",,"9/08/2026 4:26:27","9/08/2026 4:26:27"
".backup_after_mp3_link_20260809_042921","1",,"9/08/2026 4:27:33","9/08/2026 4:27:33"
".backup_buttons_20260809_155919","1",,"9/08/2026 15:57:48","9/08/2026 15:57:48"
".backup_button_width_20260809_160306","1",,"9/08/2026 16:01:58","9/08/2026 16:01:58"
".backup_connect_fix","1",,"9/08/2026 4:37:33","9/08/2026 4:37:33"
".backup_final_unlink_fix","1",,"9/08/2026 4:36:28","9/08/2026 4:36:28"
".backup_import_fix_20260809_042627","1",,"9/08/2026 4:25:21","9/08/2026 4:25:21"
".backup_mp3_search_20260809_042521","1",,"9/08/2026 2:04:06","9/08/2026 2:04:06"
".backup_refresh","1",,"9/08/2026 4:37:33","9/08/2026 4:37:33"
".backup_refresh_20260809_155747","1",,"9/08/2026 4:37:33","9/08/2026 4:37:33"
".backup_refresh_final","1",,"9/08/2026 16:10:47","9/08/2026 16:10:47"
".backup_remove_bad_emit","1",,"9/08/2026 4:37:00","9/08/2026 4:37:00"
".backup_signal_fix","1",,"9/08/2026 4:35:46","9/08/2026 4:35:46"
".backup_unlink_mp3","1",,"9/08/2026 4:35:06","9/08/2026 4:35:06"
".bak_mp3freeze","1",,"31/08/2026 13:18:23","31/08/2026 13:18:23"
".bak_mp3freeze2","1",,"31/08/2026 13:18:23","31/08/2026 13:18:23"
".before_auto_refresh","1",,"9/08/2026 16:12:08","9/08/2026 16:12:08"
".iss","1",,"30/08/2026 21:45:14","30/08/2026 21:45:14"
"<geen>","461",,"23/08/2026 19:22:23","10/09/2026 17:23:57"
".lock","2","0,0432968139648438","10/09/2026 17:23:14","10/09/2026 17:23:30"
".cfg","1","0,0359535217285156","10/09/2026 17:22:50","10/09/2026 17:22:50"
".pth","1","0,0144004821777344","10/09/2026 17:23:14","10/09/2026 17:23:14"
".pyi","99",,"23/08/2026 19:22:22","10/09/2026 17:23:49"
".bash","1","0,0378608703613281","10/09/2026 17:23:54","10/09/2026 17:23:54"
".zsh","1","0,0430107116699219","10/09/2026 17:23:54","10/09/2026 17:23:54"
".APACHE","6",,"10/09/2026 17:23:14","10/09/2026 17:23:44"
".BSD","6",,"10/09/2026 17:23:14","10/09/2026 17:23:44"
".1","1",,"10/09/2026 17:23:20","10/09/2026 17:23:20"
".rst","8",,"23/08/2026 19:22:23","10/09/2026 17:23:53"
".LICENSE","1",,"10/09/2026 17:23:20","10/09/2026 17:23:20"
".lark","6",,"10/09/2026 17:23:44","10/09/2026 17:23:44"
".xml","102",,"23/08/2026 19:22:28","10/09/2026 17:23:14"
".tmpl","2","0,0339508056640625","10/09/2026 17:23:14","10/09/2026 17:23:14"
".js","3",,"23/08/2026 19:22:27","10/09/2026 17:23:42"
".sh","1",,"10/09/2026 17:23:18","10/09/2026 17:23:18"
".csh","1",,"10/09/2026 17:23:18","10/09/2026 17:23:18"
".fish","1",,"10/09/2026 17:23:18","10/09/2026 17:23:18"
".nu","1",,"10/09/2026 17:23:18","10/09/2026 17:23:18"
".ps1","3",,"30/08/2026 21:45:14","10/09/2026 17:23:18"
".xsh","1",,"10/09/2026 17:23:18","10/09/2026 17:23:18"
".whl","4",,"10/09/2026 17:23:19","10/09/2026 17:23:19"
".vinylvault_branch_marker","1","0,005340576171875","10/09/2026 17:21:40","10/09/2026 17:21:40"
".lib","4",,"23/08/2026 19:22:23","23/08/2026 19:22:27"
".conf","1","0,00200271606445313","23/08/2026 19:22:27","23/08/2026 19:22:27"
".cpp","28",,"23/08/2026 19:22:23","23/08/2026 19:22:28"
".h","126",,"23/08/2026 19:22:23","23/08/2026 19:22:28"
".cmake","5",,"23/08/2026 19:22:23","23/08/2026 19:22:23"
".qmltypes","104",,"23/08/2026 19:22:23","23/08/2026 19:22:27"
".prl","2",,"23/08/2026 19:22:27","23/08/2026 19:22:27"
".obj","4",,"23/08/2026 19:22:27","23/08/2026 19:22:27"
".qml","1006",,"23/08/2026 19:22:23","23/08/2026 19:22:27"
".metainfo","11",,"23/08/2026 19:22:24","23/08/2026 19:22:27"
".png","1181",,"23/08/2026 19:22:24","23/08/2026 19:22:27"
".frag","2","0,0204086303710938","23/08/2026 19:22:25","23/08/2026 19:22:25"
".mesh","1",,"23/08/2026 19:22:24","23/08/2026 19:22:24"
".dat","1",,"23/08/2026 19:22:27","23/08/2026 19:22:27"
".pak","61",,"23/08/2026 19:22:27","23/08/2026 19:22:28"
".bin","2",,"23/08/2026 19:22:27","23/08/2026 19:22:27"
".icns","1",,"23/08/2026 19:22:27","23/08/2026 19:22:27"
".ico","1",,"23/08/2026 19:22:27","23/08/2026 19:22:27"
